被験者ID,問題ID,アルゴリズム,条件,設問,訪問回数,滞在ミリ秒,初回開始秒,最終終了秒,課題全体秒,理解度正誤,自己評価理解度,介入要請回数,介入ラベル有効,理解度ラベル有効,自己評価ラベル有効,脳波_TP9_θ,脳波_TP9_α,脳波_TP9_β,脳波_TP9_低γ,脳波_AF7_θ,脳波_AF7_α,脳波_AF7_β,脳波_AF7_低γ,脳波_AF8_θ,脳波_AF8_α,脳波_AF8_β,脳波_AF8_低γ,脳波_TP10_θ,脳波_TP10_α,脳波_TP10_β,脳波_TP10_低γ,脳波_TP9_θ相対,脳波_TP9_α相対,脳波_TP9_β相対,脳波_TP9_低γ相対,脳波_AF7_θ相対,脳波_AF7_α相対,脳波_AF7_β相対,脳波_AF7_低γ相対,脳波_AF8_θ相対,脳波_AF8_α相対,脳波_AF8_β相対,脳波_AF8_低γ相対,脳波_TP10_θ相対,脳波_TP10_α相対,脳波_TP10_β相対,脳波_TP10_低γ相対,脳波_TP9_総パワー,脳波_AF7_総パワー,脳波_AF8_総パワー,脳波_TP10_総パワー,脳波_θα比,脳波_前頭左右差α,脳波_サンプル数,脳波_品質,脳波_振幅超過率,脳波有効,心拍_平均HR,心拍_サンプル数,心拍_RR件数,心拍_RR平均ms,心拍_RMSSD,心拍_SDNN,心拍_pNN50,瞳孔_eye0_平均px,瞳孔_eye0_標準偏差px,瞳孔_eye0_件数,瞳孔_eye0_平均mm,瞳孔_eye1_平均px,瞳孔_eye1_標準偏差px,瞳孔_eye1_件数,瞳孔_eye1_平均mm,瞳孔_採用率,瞳孔_3d有効率,注視_回数毎秒,注視_平均時間ms,注視_時間割合,注視_件数,視線_サンプル数,視線_画面内率,視線_コード率,視線_設計書率,視線_往復回数毎秒,視線_ブロック遷移毎秒,視線_コード縦移動量毎秒,視線_コード縦分散,視線_B1率,視線_B2率,視線_B3率,視線_B4率,視線_B5率,視線_B6率
S03,pD,エラトステネスのふるい,学習用,Q1,1,357837,0.001,357.838,2681.654,正解,4,0,1,1,1,523.3207,81.6917,84.5599,16.3851,481.9916,60.1967,50.778,13.393,121.8553,26.6934,34.9913,11.8521,469.2691,79.4319,59.9782,16.8211,0.7413,0.1157,0.1198,0.0232,0.7949,0.0993,0.0837,0.0221,0.6236,0.1366,0.1791,0.0607,0.7502,0.127,0.0959,0.0269,705.9574,606.3593,195.3921,625.5003,6.4369,0.8132,91617.0,有効,0.0845,1.0,62.51,347.0,340.0,963.48,17.32,61.05,1.77,45.4047,4.2613,49096.0,2.6754,45.0952,4.3271,51426.0,3.0512,0.9423,0.4692,0.6455,308.5,0.1992,231.0,53043.0,0.6696,0.3044,0.6956,1.0619,0.5422,0.4126,0.029841,0.0287,0.1099,0.1237,0.178,0.5166,0.0432
S03,pD,エラトステネスのふるい,学習用,Q2,1,382956,428.539,811.495,2681.654,正解,4,0,1,1,1,246.6349,40.4475,31.8099,7.9349,122.3057,20.3639,29.0216,14.4498,49.2052,9.1882,22.7234,8.2588,242.0756,39.467,33.1394,9.0197,0.7546,0.1238,0.0973,0.0243,0.6571,0.1094,0.1559,0.0776,0.5505,0.1028,0.2542,0.0924,0.7478,0.1219,0.1024,0.0279,326.8272,186.141,89.3756,323.7017,6.0313,0.7958,98048.0,有効,0.0514,1.0,59.37,363.0,357.0,1014.61,17.26,62.35,2.53,44.7253,3.8392,52316.0,2.6383,44.3005,4.2185,54763.0,2.8939,0.9459,0.4699,0.7442,307.97,0.2292,285.0,56540.0,0.8175,0.3388,0.6612,1.0811,0.6528,0.4783,0.021907,0.0093,0.0344,0.1985,0.1986,0.52,0.0391
S03,pD,エラトステネスのふるい,学習用,Q3,1,264411,911.161,1175.572,2681.654,正解,4,1,1,1,1,256.0179,48.2704,42.2586,8.5645,190.2132,63.5636,71.5505,21.2546,86.7875,18.5691,28.0939,7.5359,336.4702,81.7298,60.513,11.7047,0.721,0.1359,0.119,0.0241,0.5488,0.1834,0.2064,0.0613,0.6156,0.1317,0.1993,0.0535,0.6861,0.1667,0.1234,0.0239,355.1115,346.5819,140.9864,490.4177,4.0988,1.2305,67697.0,有効,0.0473,1.0,57.69,191.0,179.0,1048.49,18.78,76.17,2.25,43.9183,3.5991,35391.0,2.582,43.6524,4.2672,37653.0,2.6833,0.9506,0.4728,0.8131,308.89,0.2512,215.0,38328.0,0.9557,0.2763,0.7237,1.4296,0.6467,0.8125,0.042379,0.134,0.2475,0.1741,0.1321,0.2871,0.0252
S03,pD,エラトステネスのふるい,学習用,Q4,1,153190,1257.745,1410.935,2681.654,正解,4,0,1,1,1,298.1751,60.9549,66.8358,10.6171,46.1678,10.5688,16.3795,3.9511,39.5918,9.1534,15.7278,5.2448,201.9311,42.5484,32.3308,8.3065,0.683,0.1396,0.1531,0.0243,0.5991,0.1371,0.2125,0.0513,0.5679,0.1313,0.2256,0.0752,0.7082,0.1492,0.1134,0.0291,436.583,77.0671,69.7177,285.1168,4.7544,0.1438,39221.0,有効,0.0092,1.0,60.01,135.0,133.0,1004.01,19.37,71.16,3.79,45.848,3.5381,21207.0,2.7254,46.7738,3.6869,22090.0,2.8879,0.9589,0.4768,0.6658,308.12,0.2052,102.0,22578.0,0.8219,0.2953,0.7047,0.9139,0.5549,0.4449,0.028903,0.0221,0.0531,0.1792,0.1604,0.5293,0.0558
S03,pD,エラトステネスのふるい,学習用,Q5,1,757482,1637.163,2394.645,2681.654,不正解,4,1,1,1,1,370.123,60.0055,59.1642,13.2026,236.2848,40.163,63.04,27.3015,141.6298,24.0691,41.6388,15.2307,399.032,64.357,66.8242,14.0746,0.7366,0.1194,0.1177,0.0263,0.6442,0.1095,0.1719,0.0744,0.6363,0.1081,0.1871,0.0684,0.7331,0.1182,0.1228,0.0259,502.4952,366.7893,222.5684,544.2878,6.0822,0.512,193938.0,有効,0.0148,1.0,59.94,653.0,638.0,1006.66,16.69,75.99,1.88,46.7205,4.1259,102343.0,2.6496,46.6384,4.6214,106392.0,3.0523,0.9335,0.4625,0.6324,308.48,0.1951,479.0,111193.0,0.8821,0.2347,0.7653,1.204,0.507,0.7391,0.031043,0.0348,0.1071,0.2161,0.1771,0.4347,0.0301
S03,pD,エラトステネスのふるい,学習用,Q6,1,142351,2539.302,2681.653,2681.654,,4,1,1,0,1,502.9242,90.6211,60.9604,17.9062,436.1993,90.9683,155.2888,42.8157,241.9397,58.8449,50.8651,11.9316,541.5009,102.9961,65.1919,13.5782,0.7479,0.1348,0.0907,0.0266,0.6014,0.1254,0.2141,0.059,0.6654,0.1618,0.1399,0.0328,0.7487,0.1424,0.0901,0.0188,672.4118,725.2721,363.5813,723.2671,5.0158,0.4356,36446.0,有効,0.0366,1.0,59.87,131.0,129.0,1008.99,23.97,89.33,4.69,48.8014,4.432,18734.0,2.7236,48.7592,4.857,18657.0,3.3588,0.9163,0.4512,0.5479,308.74,0.1692,78.0,20158.0,0.7638,0.2219,0.7781,1.4235,0.5497,0.6219,0.043075,0.0746,0.1103,0.2256,0.1103,0.4191,0.06
S03,pE,2進数への変換,学習用,Q1,3,2384833,0.001,4574.02,4798.545,正解,4,3,1,1,1,382.913219,71.555004,48.367545,11.284621,187.09933,32.094537,31.336271,7.465173,192.066737,32.455873,29.653647,6.141177,475.874822,90.043203,66.740344,16.611158,0.744264,0.139377,0.094359,0.022,0.729596,0.12248,0.119642,0.028282,0.742242,0.122885,0.111701,0.023172,0.732537,0.138906,0.103072,0.025584,514.120388,257.995212,260.317433,649.269526,5.490509,-0.049418,610590.0,有効,0.02374,1.0,62.520058,2088.0,2006.0,964.827443,22.239096,71.473897,2.792415,51.725983,5.223309,284777.0,2.59955,59.390376,6.753984,303512.0,2.997865,0.885118,0.433586,0.65158,309.442148,0.201656,1554.0,331366.0,0.661031,0.500615,0.499385,0.932539,0.59997,0.670635,0.020349,0.00369,0.016256,0.045277,0.055948,0.697546,0.181284
S03,pE,2進数への変換,学習用,Q2,4,601066,2519.367,4574.364,4798.545,正解,4,1,1,1,1,523.766693,112.469783,51.533554,13.029739,390.710884,92.618735,97.658074,19.095095,355.248515,47.613207,41.064698,8.363877,541.30705,113.105432,61.548442,16.912324,0.746511,0.160479,0.074166,0.018844,0.648561,0.151403,0.165972,0.034134,0.783773,0.10513,0.091876,0.019234,0.738052,0.154599,0.084149,0.023284,700.799784,600.082687,452.290226,732.873262,4.947181,0.633088,153891.0,有効,0.031715,1.0,60.567317,390.0,362.0,994.895906,33.023204,74.554799,4.393566,52.974956,5.785019,69328.0,2.489807,59.920868,8.505118,69010.0,2.762376,0.83605,0.402253,0.541031,309.761738,0.167592,325.0,82482.0,0.734979,0.585357,0.414643,1.743643,0.843426,1.140713,0.020414,0.002576,0.021953,0.064848,0.085695,0.715817,0.109025
S03,pE,2進数への変換,学習用,Q3,3,175414,3363.27,4574.653,4798.545,正解,4,0,1,1,1,409.652714,100.193709,62.636896,12.826395,111.351552,17.816727,10.412457,3.108197,214.492578,44.149052,20.16553,3.82044,413.353244,79.687584,59.220578,12.397302,0.697585,0.17075,0.108503,0.023161,0.777884,0.124668,0.074243,0.023105,0.756465,0.156144,0.072266,0.015125,0.729665,0.141072,0.106478,0.022784,585.309713,142.688833,282.627599,564.658708,4.740844,-0.907474,44911.0,有効,0.029788,1.0,61.93,104.0,87.0,974.18,53.56,113.46,9.3,55.425897,5.110375,20090.0,2.568377,62.234999,7.171343,21254.0,2.925992,0.853998,0.413749,0.622415,308.910004,0.192237,109.0,24206.0,0.711628,0.485879,0.514121,1.91562,0.9442,0.847,0.041131,0.0039,0.0585,0.1247,0.1097,0.4742,0.2289
S03,pE,2進数への変換,学習用,Q4,3,100234,3630.11,4575.509,4798.545,不正解,4,0,1,1,1,234.188419,60.922361,25.599261,6.195445,51.627012,12.249512,10.430544,4.079403,121.607929,30.462314,20.769049,5.003969,237.057645,60.362487,26.176748,7.012054,0.712372,0.185526,0.08105,0.021151,0.654838,0.155982,0.135249,0.053833,0.678566,0.170423,0.118709,0.032302,0.713129,0.183078,0.081315,0.022479,326.905583,78.386469,177.843164,330.608934,3.915824,-0.902178,25664.0,有効,0.009769,1.0,60.61201,94.0,89.0,997.877795,17.47,77.25,2.33,51.701105,3.365795,11925.0,2.35249,58.123869,4.92812,12252.0,3.005429,0.89833,0.443372,0.8068,308.21,0.2487,79.0,13440.0,0.86492,0.275451,0.724549,1.636917,0.810035,0.657664,0.037082,0.020818,0.124613,0.270661,0.137402,0.401498,0.045107
S03,pE,2進数への変換,学習用,Q5,2,763143,3865.229,4640.095,4798.545,不正解,4,1,1,1,1,741.6904,141.107391,165.740215,42.236349,1484.833987,496.513689,626.882649,172.353993,583.795104,152.026596,147.582933,28.523522,839.411723,168.767267,245.788439,66.554461,0.680296,0.130038,0.151193,0.038564,0.537498,0.177983,0.223661,0.060866,0.63727,0.167501,0.163571,0.031658,0.637118,0.128884,0.18412,0.049794,1090.774455,2780.584135,911.928246,1320.521798,3.816134,1.176174,195388.0,有効,0.083615,1.0,61.249984,735.0,724.0,986.330897,23.056853,79.162095,4.049654,53.187389,5.498435,90498.0,2.593432,59.786559,7.394049,91845.0,2.2811,0.86315,0.418465,0.638125,310.503212,0.198108,487.0,105018.0,0.49425,0.290195,0.709805,0.940877,0.362995,0.346215,0.032723,0.008732,0.038983,0.084243,0.097592,0.590657,0.179793
S03,pE,2進数への変換,学習用,Q6,1,87436,4711.109,4798.545,4798.545,,4,1,1,0,1,1596.1498,492.1802,679.6667,749.7721,2260.8078,838.8103,781.2469,631.4371,1545.1901,485.677,739.1182,798.9432,1584.6223,527.4656,635.5112,742.806,0.4537,0.1399,0.1932,0.2131,0.501,0.1859,0.1731,0.1399,0.433,0.1361,0.2071,0.2239,0.454,0.1511,0.1821,0.2128,3517.7689,4512.3021,3568.9285,3490.4051,2.9805,0.5464,22368.0,振幅過大,0.1812,0.0,63.62,89.0,86.0,947.98,11.81,69.64,0.0,53.2065,6.5652,10178.0,2.4547,59.3883,8.0051,10105.0,3.039,0.8413,0.4054,0.4689,309.03,0.1449,41.0,11957.0,0.7605,0.1868,0.8132,2.0893,0.7576,0.566,0.042183,0.0235,0.2137,0.3349,0.1371,0.2225,0.0683
S04,pC,挿入ソート,学習用,Q1,1,1168590,0.002,1168.592,2170.234,不正解,5,0,1,1,1,147.4185,27.9714,23.6947,4.9225,24.8417,4.6831,6.02,2.2185,63.6583,6.0058,4.2386,1.4926,142.3532,27.4047,20.1391,4.7899,0.7226,0.1371,0.1161,0.0241,0.6578,0.124,0.1594,0.0587,0.8443,0.0797,0.0562,0.0198,0.7312,0.1408,0.1034,0.0246,204.0071,37.7633,75.3953,194.687,5.7258,-0.2488,299194.0,有効,0.0013,1.0,74.63,1444.0,1438.0,806.44,10.66,48.11,0.49,48.0711,5.079,153020.0,2.4783,60.1764,7.9159,156348.0,2.6895,0.8257,0.3917,0.1711,327.16,0.056,200.0,186794.0,0.8669,0.5023,0.4977,3.8389,0.7813,3.3551,0.020698,0.0147,0.1746,0.3879,0.3539,0.0467,0.0222
S04,pC,挿入ソート,学習用,Q2,1,248875,1226.625,1475.5,2170.234,不正解,5,0,1,1,1,163.5209,32.245,19.4104,3.806,42.3074,8.5677,12.4364,6.9776,36.2044,9.3227,5.1567,1.7922,169.3393,28.5702,20.862,4.3592,0.7467,0.1472,0.0886,0.0174,0.6019,0.1219,0.1769,0.0993,0.6899,0.1777,0.0983,0.0342,0.7589,0.128,0.0935,0.0195,218.9823,70.2891,52.4759,223.1307,5.2267,-0.0845,63720.0,有効,0.0019,1.0,71.43,268.0,266.0,841.06,9.17,37.09,0.0,46.8699,4.5043,35050.0,2.3825,60.2167,7.5866,37101.0,2.632,0.905,0.4441,0.0804,315.49,0.0254,20.0,39755.0,0.8936,0.4615,0.5385,1.9689,0.4782,3.2773,0.014959,0.0046,0.1014,0.4314,0.4201,0.0244,0.0181
S04,pC,挿入ソート,学習用,Q3,1,131728,1516.85,1648.578,2170.234,正解,5,0,1,1,1,119.2082,23.5355,16.3284,2.9402,19.1318,3.9063,4.372,1.3008,17.9202,3.459,3.724,1.3388,120.6925,22.3058,13.8591,3.2688,0.7358,0.1453,0.1008,0.0181,0.6664,0.1361,0.1523,0.0453,0.6777,0.1308,0.1408,0.0506,0.7537,0.1393,0.0866,0.0204,162.0123,28.7109,26.442,160.1262,5.2052,0.1216,33726.0,有効,0.0,1.0,74.44,144.0,143.0,808.85,10.16,53.8,0.0,45.851,3.8517,19154.0,2.3674,59.5473,6.7028,19671.0,2.5992,0.9204,0.4539,0.0911,308.24,0.0281,12.0,21084.0,0.9227,0.4541,0.5459,2.3838,0.539,3.0236,0.028331,0.028,0.1993,0.2576,0.391,0.0964,0.0276
S04,pC,挿入ソート,学習用,Q4,1,181293,1713.435,1894.728,2170.234,不正解,5,0,1,1,1,121.2818,24.2775,26.4006,6.4213,14.8701,3.2848,4.3698,1.4092,18.6236,3.3471,5.553,2.3261,109.8222,21.6505,22.1545,6.5958,0.6799,0.1361,0.148,0.036,0.6213,0.1372,0.1826,0.0589,0.6239,0.1121,0.186,0.0779,0.6854,0.1351,0.1383,0.0412,178.3812,23.934,29.8498,160.223,5.0342,-0.0188,46417.0,有効,0.0139,1.0,72.15,218.0,218.0,833.01,9.2,36.84,0.46,44.8318,4.2941,24647.0,2.2223,57.0687,7.0529,25767.0,2.3341,0.8891,0.4349,0.0827,307.75,0.0255,15.0,28291.0,0.9082,0.3176,0.6824,2.394,0.3751,2.023,0.027893,0.0066,0.1202,0.4792,0.2659,0.0676,0.0604
S04,pC,挿入ソート,学習用,Q5,1,204166,1936.227,2140.393,2170.234,正解,5,1,1,1,1,122.2109,23.3517,20.6631,4.4603,13.7948,3.2796,4.4886,1.6805,16.4212,3.1238,5.068,2.2138,120.0047,21.6668,18.8052,5.0817,0.716,0.1368,0.1211,0.0261,0.5935,0.1411,0.1931,0.0723,0.6121,0.1164,0.1889,0.0825,0.7248,0.1309,0.1136,0.0307,170.6859,23.2435,26.8268,165.5584,5.298,0.0487,52273.0,有効,0.0031,1.0,73.23,219.0,218.0,819.99,13.82,32.42,0.92,45.7476,4.9299,24780.0,2.3267,58.0161,7.9524,28668.0,2.4954,0.863,0.4178,0.2253,310.64,0.07,46.0,30743.0,0.8172,0.1967,0.8033,2.1454,0.387,1.2326,0.040588,0.0447,0.4538,0.2397,0.1246,0.069,0.0682
S04,pC,挿入ソート,学習用,Q6,1,19592,2150.642,2170.234,2170.234,,5,0,1,0,1,174.5394,27.8133,28.1845,6.2447,9.4013,3.5517,5.0421,1.3793,16.3181,4.4245,6.2768,2.0298,184.9687,24.8451,24.214,6.7485,0.7371,0.1175,0.119,0.0264,0.4852,0.1833,0.2602,0.0712,0.5617,0.1523,0.2161,0.0699,0.7682,0.1032,0.1006,0.028,236.782,19.3745,29.0493,240.7763,6.3533,-0.2197,4983.0,有効,0.0,1.0,73.1,21.0,18.0,818.36,6.04,6.3,0.0,46.1483,4.8845,2402.0,2.4064,58.6703,6.5232,2597.0,2.7159,0.9179,0.4521,0.3062,307.63,0.0942,6.0,2690.0,0.7078,0.0053,0.9947,0.4106,0.0513,0.0877,0.064757,0.1,0.0,0.0,0.2,0.3,0.4
S04,pD,エラトステネスのふるい,学習用,Q1,1,1386014,0.002,1386.016,3415.435,正解,5,0,1,1,1,196.3831,40.195,30.0736,17.8092,104.6354,22.9045,23.6789,18.7931,75.9583,15.0989,18.3884,15.6506,198.5844,39.8824,29.4923,18.0352,0.6904,0.1413,0.1057,0.0626,0.6155,0.1347,0.1393,0.1105,0.6072,0.1207,0.147,0.1251,0.6944,0.1395,0.1031,0.0631,284.461,170.0119,125.0963,285.9943,4.8743,0.4167,354861.0,有効,0.0067,1.0,84.27,74.0,62.0,718.51,9.71,53.9,0.0,49.3828,6.1913,155615.0,2.1907,61.6693,8.9707,173804.0,2.8169,0.794,0.3754,0.3737,322.12,0.1204,518.0,205867.0,0.8464,0.5293,0.4707,3.3723,0.5382,2.2024,0.0165,0.0037,0.0242,0.0731,0.1106,0.7462,0.0422
S04,pD,エラトステネスのふるい,学習用,Q2,1,308323,1489.995,1798.318,3415.435,不正解,5,0,1,1,1,221.968,48.0408,31.4909,5.9294,73.6955,13.5372,14.9292,6.7427,49.0576,8.9598,10.2313,4.1617,205.4985,40.928,27.5693,7.2271,0.722,0.1563,0.1024,0.0193,0.6767,0.1243,0.1371,0.0619,0.6775,0.1237,0.1413,0.0575,0.7307,0.1455,0.098,0.0257,307.4291,108.9046,72.4102,281.2228,4.9362,0.4127,78940.0,有効,0.0294,1.0,,0.0,0.0,,,,,50.5736,6.0954,39298.0,2.7435,63.716,8.6501,42068.0,2.853,0.8911,0.4363,0.2303,308.17,0.071,71.0,45262.0,0.8454,0.4497,0.5503,1.4207,0.5125,1.4575,0.023194,0.0033,0.0395,0.3404,0.1349,0.452,0.0299
S04,pD,エラトステネスのふるい,学習用,Q3,1,569470,1911.374,2480.844,3415.435,不正解,5,1,1,1,1,236.0286,56.4927,52.0393,16.1839,108.3819,24.3084,34.3064,12.5849,91.18,22.1933,32.193,6.5113,209.0909,47.4582,34.1259,9.2744,0.6543,0.1566,0.1443,0.0449,0.6035,0.1354,0.191,0.0701,0.5996,0.1459,0.2117,0.0428,0.6971,0.1582,0.1138,0.0309,360.7444,179.5815,152.0777,299.9494,4.2849,0.091,145801.0,有効,0.0314,1.0,,0.0,0.0,,,,,48.1171,5.2387,76199.0,2.4922,59.953,7.4868,79671.0,2.6663,0.909,0.4456,0.2388,310.97,0.0743,136.0,85280.0,0.9417,0.394,0.606,2.188,0.5215,2.0072,0.035006,0.0263,0.126,0.1917,0.1186,0.498,0.0393
S04,pD,エラトステネスのふるい,学習用,Q4,1,200105,2551.762,2751.867,3415.435,不正解,5,0,1,1,1,188.1446,32.6475,26.9953,7.2223,65.4154,11.7809,14.5811,6.7303,50.2847,8.28,9.9508,4.1237,180.1434,29.1007,22.1887,5.9755,0.7378,0.128,0.1059,0.0283,0.6641,0.1196,0.148,0.0683,0.6923,0.114,0.137,0.0568,0.7588,0.1226,0.0935,0.0252,255.0097,98.5078,72.6392,237.4083,5.9161,0.3526,51232.0,有効,0.0006,1.0,,0.0,0.0,,,,,46.713,4.9565,25454.0,2.5231,59.2561,7.1365,27366.0,2.6014,0.8902,0.4333,0.1849,306.98,0.0568,37.0,29397.0,0.858,0.3929,0.6071,1.5494,0.6397,1.9755,0.018844,0.0091,0.0257,0.1356,0.1787,0.6156,0.0352
S04,pD,エラトステネスのふるい,学習用,Q5,1,443628,2819.774,3263.402,3415.435,正解,5,2,1,1,1,223.6571,40.2163,31.9147,7.9316,100.2238,15.2509,12.8484,4.2663,89.9459,12.9807,11.8754,3.5311,222.7875,37.7997,29.6524,7.6265,0.7364,0.1324,0.1051,0.0261,0.7559,0.115,0.0969,0.0322,0.7601,0.1097,0.1004,0.0298,0.7479,0.1269,0.0995,0.0256,303.7197,132.5893,118.3331,297.8662,5.9918,0.1612,113582.0,有効,0.0099,1.0,,0.0,0.0,,,,,49.9902,6.4425,51729.0,2.499,62.4798,8.5392,59293.0,2.8164,0.8461,0.4046,0.2998,312.83,0.0938,133.0,65142.0,0.8235,0.3801,0.6199,1.6275,0.4711,2.169,0.021555,0.0107,0.0531,0.1301,0.2228,0.5487,0.0346
S04,pD,エラトステネスのふるい,学習用,Q6,1,122958,3292.477,3415.435,3415.435,,5,0,1,0,1,846.2429,204.5699,156.6089,16.3189,616.5187,168.5253,139.3918,12.9169,595.0374,168.4915,139.8791,12.6453,832.4756,204.2026,158.7266,17.1598,0.6915,0.1672,0.128,0.0133,0.6577,0.1798,0.1487,0.0138,0.6496,0.1839,0.1527,0.0138,0.6865,0.1684,0.1309,0.0142,1223.7406,937.3527,916.0534,1212.5646,3.8755,0.0002,31425.0,有効,0.0231,1.0,,0.0,0.0,,,,,50.5438,7.1441,11693.0,2.4631,63.0749,9.7741,14407.0,3.0705,0.7432,0.3512,0.2684,310.25,0.0833,33.0,17462.0,0.6205,0.1738,0.8262,1.599,0.3753,0.6885,0.04629,0.0048,0.1083,0.3436,0.0898,0.3245,0.129
S04,pE,2進数への変換,学習用,Q1,1,1824022,0.002,1824.024,4090.796,不正解,4,0,1,1,1,101.4646,22.4147,17.4689,3.8864,9.3408,2.6315,6.8383,2.5044,12.111,2.1496,7.2619,3.1866,102.9477,22.825,16.5845,5.0664,0.6986,0.1543,0.1203,0.0268,0.4382,0.1235,0.3208,0.1175,0.4901,0.087,0.2939,0.129,0.6983,0.1548,0.1125,0.0344,145.2345,21.315,24.7091,147.4236,4.5154,0.2023,467005.0,有効,0.0014,1.0,77.72,2327.0,2312.0,777.15,10.86,63.67,0.56,44.4188,6.3032,136726.0,2.1618,49.3023,8.1525,163584.0,2.8955,0.5827,0.2637,0.4523,325.32,0.1471,825.0,256843.0,0.6748,0.4331,0.5669,3.728,1.2516,1.538,0.043562,0.0299,0.0953,0.1958,0.1317,0.4527,0.0947
S04,pE,2進数への変換,学習用,Q2,1,279557,1981.734,2261.291,4090.796,正解,4,0,1,1,1,105.7783,22.0507,18.519,4.2188,11.4495,3.2615,6.704,2.6165,10.3775,2.8477,7.6678,3.1318,108.7783,22.2294,18.0776,5.3099,0.7025,0.1465,0.123,0.028,0.4764,0.1357,0.279,0.1089,0.4319,0.1185,0.3192,0.1304,0.7045,0.144,0.1171,0.0344,150.5669,24.0316,24.0248,154.3952,4.6911,0.1357,71575.0,有効,0.0,1.0,71.02,331.0,330.0,846.55,7.8,41.03,0.0,43.8912,4.0157,32588.0,2.1631,50.0288,4.772,35859.0,2.7988,0.8352,0.4034,0.7834,312.18,0.2446,219.0,40138.0,0.8468,0.3613,0.6387,1.4954,0.6046,0.6427,0.012107,0.0001,0.0047,0.028,0.0653,0.8126,0.0893
S04,pE,2進数への変換,学習用,Q3,1,815459,2328.192,3143.651,4090.796,正解,4,1,1,1,1,231.607,45.23,47.1764,7.169,164.4845,29.6805,37.71,7.3716,129.5452,26.9246,33.0453,4.7573,231.7719,46.0772,47.8382,9.0261,0.6993,0.1366,0.1424,0.0216,0.6875,0.1241,0.1576,0.0308,0.6668,0.1386,0.1701,0.0245,0.6924,0.1377,0.1429,0.027,331.1825,239.2465,194.2724,334.7134,5.1207,0.0975,208782.0,有効,0.0056,1.0,74.56,1011.0,1010.0,806.54,8.64,42.04,0.0,45.7868,4.9569,93331.0,2.1768,52.0236,6.0231,105842.0,2.9529,0.8224,0.3959,0.6426,311.06,0.1999,524.0,120035.0,0.8168,0.5522,0.4478,1.6972,1.0178,1.4594,0.022397,0.0021,0.0221,0.0683,0.0763,0.6958,0.1353
S04,pE,2進数への変換,学習用,Q4,1,60857,3214.159,3275.016,4090.796,正解,4,0,1,1,1,267.9204,50.3683,36.6988,5.7119,119.7111,32.5731,26.1321,3.6676,108.9233,31.3483,25.8145,4.9337,261.6165,47.3325,35.0805,6.5089,0.7428,0.1396,0.1017,0.0158,0.6575,0.1789,0.1435,0.0201,0.6369,0.1833,0.1509,0.0288,0.7463,0.135,0.1001,0.0186,360.6994,182.0839,171.0197,350.5385,4.691,0.0383,15581.0,有効,0.0314,1.0,78.14,79.0,79.0,767.8,7.48,18.35,0.0,42.0078,3.5584,7166.0,1.9423,49.496,3.7458,7904.0,2.6621,0.8521,0.4131,0.7723,308.59,0.2383,47.0,8630.0,0.9349,0.2335,0.7665,2.3993,0.6245,0.5506,0.029022,0.0021,0.0191,0.2505,0.0717,0.5377,0.1189
S04,pE,2進数への変換,学習用,Q5,1,753444,3300.244,4053.688,4090.796,不正解,4,1,1,1,1,169.4983,38.5199,32.7777,10.7647,87.296,20.361,17.926,6.986,80.4668,19.2892,18.1622,7.544,172.2212,37.9953,34.9993,12.4821,0.6738,0.1531,0.1303,0.0428,0.6585,0.1536,0.1352,0.0527,0.6414,0.1537,0.1448,0.0601,0.6683,0.1474,0.1358,0.0484,251.5606,132.5689,125.462,257.6979,4.3858,0.0541,192904.0,有効,0.0386,1.0,73.56,922.0,922.0,817.15,9.38,38.11,0.33,44.0935,5.1365,80637.0,2.1053,50.683,6.0337,97758.0,2.7471,0.8054,0.3831,0.6543,314.76,0.206,493.0,108014.0,0.7308,0.322,0.678,1.8767,0.6902,0.9327,0.03471,0.0117,0.0625,0.1116,0.0962,0.6091,0.1088
S04,pE,2進数への変換,学習用,Q6,1,14323,4076.473,4090.796,4090.796,,4,0,1,0,1,182.6571,30.0427,34.4303,19.051,28.2741,12.331,14.0234,11.4366,23.0003,10.0897,12.4844,10.7962,189.6434,32.459,38.4657,18.3484,0.6862,0.1129,0.1293,0.0716,0.428,0.1866,0.2123,0.1731,0.408,0.179,0.2215,0.1915,0.6799,0.1164,0.1379,0.0658,266.1811,66.065,56.3705,278.9165,4.9878,0.2006,3610.0,有効,0.0205,1.0,76.26,19.0,19.0,786.34,5.56,9.83,0.0,42.9986,5.4917,1656.0,2.1977,49.8569,4.4026,1697.0,2.6558,0.8819,0.4235,0.5585,307.32,0.1716,8.0,1803.0,0.7754,0.0544,0.9456,1.2989,0.433,0.4063,0.057562,0.0132,0.0263,0.1842,0.0263,0.3026,0.4474
S05,pD,エラトステネスのふるい,学習用,Q1,1,558987,0.001,558.988,2072.857,正解,5,1,1,1,1,294.4416,61.9714,52.7475,16.8513,180.4371,25.4048,36.8709,15.8449,209.1634,101.0873,95.3097,17.921,266.4263,56.5234,58.5831,21.6008,0.6912,0.1455,0.1238,0.0396,0.6979,0.0983,0.1426,0.0613,0.4939,0.2387,0.2251,0.0423,0.6609,0.1402,0.1453,0.0536,426.0117,258.5578,423.4814,403.1336,3.8797,-1.381,143117.0,有効,0.0162,1.0,85.49,664.0,626.0,702.61,7.43,30.68,0.0,38.0656,5.0815,59929.0,2.2905,44.0298,11.3716,44343.0,1.9249,0.6909,0.3027,0.2898,312.04,0.0904,162.0,75466.0,0.7148,0.36,0.64,4.5798,1.4401,1.3197,0.034924,0.029,0.1083,0.1961,0.2628,0.3206,0.0832
S05,pD,エラトステネスのふるい,学習用,Q2,1,378020,647.885,1025.905,2072.857,正解,5,0,1,1,1,217.8691,61.6555,53.6209,18.7904,357.7922,90.0356,149.9886,70.0017,257.6967,34.0768,55.6576,23.6872,193.1789,55.3751,59.9811,22.2857,0.6191,0.1752,0.1524,0.0534,0.5358,0.1348,0.2246,0.1048,0.6944,0.0918,0.15,0.0638,0.5839,0.1674,0.1813,0.0674,351.9359,667.8181,371.1183,330.8208,4.257,0.9716,96784.0,有効,0.0231,1.0,83.16,441.0,414.0,722.51,9.53,31.91,0.24,38.0172,5.4084,39056.0,2.1069,43.7885,11.584,28632.0,1.9014,0.6776,0.2982,0.2328,309.79,0.0721,88.0,49944.0,0.544,0.3061,0.6939,4.6378,1.2964,1.0598,0.040898,0.0184,0.043,0.1665,0.1623,0.396,0.2137
S05,pD,エラトステネスのふるい,学習用,Q3,1,377639,1070.759,1448.398,2072.857,正解,5,1,1,1,1,131.1052,34.6417,41.4929,12.8288,5068.1242,1160.1338,2820.3563,1204.4621,274.0428,55.4217,84.4737,33.954,133.9189,30.8187,46.8563,16.8003,0.5957,0.1574,0.1885,0.0583,0.4943,0.1131,0.2751,0.1175,0.6118,0.1237,0.1886,0.0758,0.5863,0.1349,0.2052,0.0736,220.0686,10253.0764,447.8922,228.3943,4.3771,3.0413,96687.0,振幅過大,0.4072,0.0,82.47,389.0,366.0,728.94,10.9,47.6,0.55,38.2214,5.358,38719.0,1.9944,46.3037,10.5812,30957.0,2.2547,0.6838,0.2999,0.2118,310.75,0.0658,80.0,50950.0,0.3996,0.3955,0.6045,4.7242,1.5227,1.0202,0.041375,0.0292,0.1089,0.263,0.1981,0.2906,0.1102
S05,pD,エラトステネスのふるい,学習用,Q4,1,147640,1488.852,1636.492,2072.857,正解,5,0,1,1,1,287.034,67.6241,58.5918,23.3002,9122.7251,2028.9492,6386.691,2571.8262,302.8413,77.9993,74.8678,32.3688,239.8255,55.4167,56.37,25.9558,0.6575,0.1549,0.1342,0.0534,0.4536,0.1009,0.3176,0.1279,0.6205,0.1598,0.1534,0.0663,0.6352,0.1468,0.1493,0.0687,436.55,20110.1916,488.0772,377.5679,4.463,3.2586,37801.0,振幅過大,0.7399,0.0,78.93,194.0,194.0,761.66,9.97,39.06,0.52,37.4872,3.7089,17848.0,1.7849,44.8611,7.7933,13146.0,1.8068,0.774,0.3696,0.4064,309.9,0.1259,60.0,20021.0,0.627,0.2367,0.7633,3.3463,1.0771,0.6797,0.039324,0.0259,0.0797,0.1117,0.1174,0.5188,0.1464
S05,pD,エラトステネスのふるい,学習用,Q5,1,284501,1672.927,1957.428,2072.857,正解,5,0,1,1,1,223.6858,44.8364,43.7275,14.9384,10782.9096,2870.1869,9862.1356,4055.0678,769.4136,109.2661,198.0484,87.0265,211.3832,42.1742,46.7249,16.7449,0.6837,0.137,0.1336,0.0457,0.3911,0.1041,0.3577,0.1471,0.6611,0.0939,0.1702,0.0748,0.6668,0.133,0.1474,0.0528,327.1881,27570.2999,1163.7546,317.027,3.9092,3.2683,72841.0,振幅過大,0.8907,0.0,81.43,386.0,386.0,737.78,9.88,31.88,1.04,36.9748,4.9157,31570.0,1.8561,42.5979,11.3911,22148.0,1.6302,0.6938,0.2971,0.2039,314.63,0.0641,58.0,38715.0,0.7976,0.2569,0.7431,4.8896,1.1881,0.8236,0.037312,0.0487,0.1596,0.2935,0.1687,0.2789,0.0507
S05,pD,エラトステネスのふるい,学習用,Q6,1,71917,2000.94,2072.857,2072.857,,5,0,1,0,1,405.6401,73.5498,59.8075,29.9682,10848.0938,3266.9164,9831.2036,4181.9145,1969.9773,386.5147,281.4644,81.065,392.2255,76.3191,66.7581,33.6581,0.7129,0.1293,0.1051,0.0527,0.3857,0.1161,0.3495,0.1487,0.7245,0.1422,0.1035,0.0298,0.6894,0.1341,0.1173,0.0592,568.9655,28128.1283,2719.0214,568.9608,3.58,2.1344,18413.0,振幅過大,0.9016,0.0,81.85,94.0,91.0,732.81,3.64,13.0,0.0,37.622,6.5977,7113.0,2.0625,43.9422,12.491,5782.0,1.4617,0.667,0.2857,0.3059,309.83,0.0948,22.0,9662.0,0.6737,0.2215,0.7785,5.1747,1.1268,0.7674,0.054551,0.0118,0.0846,0.19,0.1671,0.3058,0.2406
S05,pE,2進数への変換,学習用,Q1,1,853080,0.001,853.081,2162.016,不正解,5,2,1,1,1,327.745,59.3159,44.6106,13.5998,472.0709,54.8193,92.5703,32.4637,444.8931,54.5152,97.9626,33.1349,320.4287,55.1508,40.2635,13.6048,0.7361,0.1332,0.1002,0.0305,0.7241,0.0841,0.142,0.0498,0.7056,0.0865,0.1554,0.0526,0.7461,0.1284,0.0938,0.0317,445.2713,651.9242,630.5058,429.4478,6.9934,0.0056,218415.0,有効,0.0218,1.0,75.77,888.0,876.0,793.23,9.44,38.54,0.34,38.8799,4.9416,97326.0,2.4834,48.164,8.0303,88776.0,1.8699,0.7852,0.3662,0.347,308.7,0.1071,296.0,118221.0,0.4648,0.3276,0.6724,1.9471,0.9987,0.5479,0.045494,0.0534,0.0758,0.1467,0.1635,0.4507,0.1099
S05,pE,2進数への変換,学習用,Q2,1,297049,945.742,1242.791,2162.016,正解,5,0,1,1,1,248.6653,68.398,56.4103,19.9975,583.1407,105.7663,164.2581,43.7615,288.0137,68.3318,100.0742,34.4218,208.2268,59.1764,54.5625,21.1365,0.632,0.1738,0.1434,0.0508,0.6502,0.1179,0.1831,0.0488,0.5868,0.1392,0.2039,0.0701,0.6069,0.1725,0.159,0.0616,393.471,896.9265,490.8415,343.1021,4.4023,0.4369,76053.0,有効,0.0205,1.0,75.18,320.0,302.0,799.22,9.33,32.22,0.66,38.9167,4.5721,33463.0,2.4651,44.8705,8.3285,26809.0,1.6638,0.7515,0.3526,0.4141,309.21,0.128,123.0,40101.0,0.6975,0.2926,0.7074,2.5788,0.6599,0.4521,0.0258,0.0013,0.0034,0.1764,0.0569,0.6382,0.1237
S05,pE,2進数への変換,学習用,Q3,1,173502,1279.705,1453.207,2162.016,正解,5,0,1,1,1,199.2093,52.8228,62.3148,26.44,144.2732,16.9461,49.1966,20.6099,107.7773,16.6198,47.7746,20.158,275.6213,57.4007,67.2872,39.1089,0.5846,0.155,0.1829,0.0776,0.6245,0.0734,0.2129,0.0892,0.5604,0.0864,0.2484,0.1048,0.6272,0.1306,0.1531,0.089,340.7869,231.0258,192.3298,439.4182,5.0552,0.0194,44422.0,有効,0.0116,1.0,74.25,215.0,215.0,808.65,7.99,28.95,0.0,37.6612,3.3014,22422.0,2.4029,45.6652,5.4316,19976.0,1.7213,0.8811,0.431,0.6571,308.79,0.2029,114.0,24061.0,0.8069,0.302,0.698,2.2018,0.7262,0.4318,0.033428,0.0263,0.083,0.0946,0.1381,0.5878,0.0701
S05,pE,2進数への変換,学習用,Q4,1,114279,1482.982,1597.261,2162.016,正解,5,0,1,1,1,311.2734,59.3435,57.9159,18.7822,52.9601,12.7697,24.9901,9.5565,50.4131,13.2306,27.6935,12.0199,209.6987,47.8102,58.4462,21.51,0.6959,0.1327,0.1295,0.042,0.5281,0.1273,0.2492,0.0953,0.4878,0.128,0.2679,0.1163,0.6214,0.1417,0.1732,0.0637,447.3151,100.2765,103.3571,337.4652,4.6889,-0.0355,29258.0,有効,0.0191,1.0,71.52,135.0,135.0,843.5,14.55,65.16,2.24,37.2601,4.0284,14162.0,2.4547,45.2713,7.1264,12044.0,1.5759,0.8224,0.3911,0.42,308.4,0.1295,48.0,15801.0,0.7941,0.2402,0.7598,2.5553,0.8926,0.466,0.032059,0.0033,0.0617,0.2893,0.133,0.4463,0.0664
S05,pE,2進数への変換,学習用,Q5,1,201146,1741.371,1942.517,2162.016,正解,5,0,1,1,1,277.928,54.2723,43.8132,15.7572,174.896,35.2481,20.4247,7.8437,361.7647,64.4918,111.8966,43.4521,265.5636,50.5547,37.348,13.9814,0.7094,0.1385,0.1118,0.0402,0.7336,0.1478,0.0857,0.0329,0.622,0.1109,0.1924,0.0747,0.7227,0.1376,0.1016,0.0381,391.7706,238.4125,581.6051,367.4477,5.2802,-0.6041,51499.0,有効,0.0132,1.0,72.61,238.0,236.0,826.78,9.14,29.01,0.0,38.1191,5.8143,23434.0,2.4658,46.5816,10.0816,19876.0,1.5048,0.7663,0.3505,0.2337,308.82,0.0722,47.0,28222.0,0.7653,0.382,0.618,3.7191,1.0988,0.7732,0.026474,0.0116,0.0778,0.0875,0.3173,0.447,0.0587
S05,pE,2進数への変換,学習用,Q6,1,171931,1990.085,2162.016,2162.016,,5,0,1,0,1,376.1076,84.9222,85.8125,38.1631,575.0495,88.8304,187.1097,48.328,644.7434,76.9624,111.3169,51.2677,357.8599,81.4742,85.7637,39.993,0.6429,0.1452,0.1467,0.0652,0.6394,0.0988,0.2081,0.0537,0.7291,0.087,0.1259,0.058,0.6333,0.1442,0.1518,0.0708,585.0054,899.3175,884.2903,565.0907,5.8815,0.1434,44020.0,有効,0.0263,1.0,71.79,180.0,172.0,835.84,9.54,24.56,0.0,40.0743,6.2959,17103.0,2.9122,47.1919,10.1459,15320.0,1.9494,0.7118,0.3256,0.4246,310.43,0.1318,73.0,22772.0,0.5624,0.2318,0.7682,1.586,0.6414,0.4008,0.03396,0.0216,0.1105,0.0603,0.0532,0.6723,0.0822
S06,pD,エラトステネスのふるい,学習用,Q1,1,458928,0.002,458.93,1510.611,正解,2,1,1,1,1,422.1809,104.8945,138.8974,28.0115,33.5043,8.3442,23.5586,10.2918,18.2275,6.6757,36.2505,15.0113,92.609,32.0885,68.3709,24.5639,0.6083,0.1511,0.2001,0.0404,0.4426,0.1102,0.3112,0.136,0.2393,0.0876,0.4759,0.1971,0.4255,0.1474,0.3142,0.1129,693.9844,75.699,76.165,217.6323,3.727,0.2231,117499.0,振幅過大,0.5244,0.0,56.65,432.0,431.0,1060.14,14.63,40.71,1.16,57.145,4.6205,67795.0,3.457,65.1946,6.5151,67876.0,3.3637,0.9741,0.487,0.8738,308.69,0.2697,401.0,69444.0,0.8896,0.2383,0.7617,0.2789,0.2767,0.1386,0.027524,0.0352,0.1343,0.3481,0.198,0.2709,0.0136
S06,pD,エラトステネスのふるい,学習用,Q2,1,188758,564.973,753.731,1510.611,不正解,2,0,1,1,1,142.7807,45.463,67.1232,19.0117,30.2998,4.8542,16.0298,6.1636,12.5519,4.4122,34.6039,14.1499,88.4478,34.2785,71.4131,22.7187,0.5204,0.1657,0.2446,0.0693,0.5284,0.0846,0.2795,0.1075,0.191,0.0671,0.5266,0.2153,0.4079,0.1581,0.3293,0.1048,274.3786,57.3475,65.7179,216.858,3.0793,0.0955,48328.0,振幅過大,0.1105,0.0,59.78,188.0,188.0,1005.66,12.25,46.63,0.53,58.8822,4.7597,28361.0,3.7055,66.7913,5.4376,27184.0,3.3984,0.9658,0.4831,0.0477,304.19,0.0145,9.0,28755.0,0.8368,0.471,0.529,1.8861,0.4609,1.2653,0.019574,0.0246,0.0281,0.1749,0.1908,0.5697,0.012
S06,pD,エラトステネスのふるい,学習用,Q3,1,270591,822.685,1093.276,1510.611,不正解,2,0,1,1,1,150.2548,42.3964,117.7246,42.3292,82.1142,13.2973,51.9252,19.7837,9.8971,5.1949,55.8695,23.336,94.7188,35.371,106.8011,35.7926,0.426,0.1202,0.3338,0.12,0.4913,0.0796,0.3107,0.1184,0.105,0.0551,0.5925,0.2475,0.3474,0.1297,0.3917,0.1313,352.705,167.1203,94.2974,272.6834,3.5008,0.9399,69279.0,振幅過大,0.3363,0.0,57.62,259.0,259.0,1043.5,14.19,51.58,0.78,55.1664,4.4975,39121.0,3.3497,64.8935,6.66,40127.0,3.1305,0.9512,0.4753,0.0296,307.82,0.0091,8.0,41655.0,0.9335,0.4331,0.5669,4.2132,0.4989,1.7277,0.024173,0.032,0.1635,0.4339,0.1452,0.2106,0.0148
S06,pD,エラトステネスのふるい,学習用,Q4,1,148269,1114.948,1263.217,1510.611,不正解,2,0,1,1,1,140.2914,42.8273,87.2684,26.8345,40.3826,8.1951,39.2884,14.4354,13.9357,7.0398,56.6239,23.5633,120.1912,41.4803,97.147,30.2852,0.472,0.1441,0.2936,0.0903,0.3947,0.0801,0.384,0.1411,0.1378,0.0696,0.5597,0.2329,0.4157,0.1435,0.336,0.1048,297.2216,102.3015,101.1627,289.1037,3.1625,0.152,37961.0,振幅過大,0.2742,0.0,56.97,122.0,110.0,1056.96,15.73,44.89,0.92,55.8818,5.2146,21966.0,3.3019,63.9476,7.1047,20275.0,2.9929,0.9394,0.4683,0.054,300.76,0.0162,8.0,22482.0,0.875,0.4538,0.5462,4.3706,0.7082,1.4156,0.015812,0.0007,0.0462,0.1583,0.2701,0.5073,0.0175
S06,pD,エラトステネスのふるい,学習用,Q5,1,167090,1281.474,1448.564,1510.611,不正解,2,0,1,1,1,104.8334,34.6776,68.8166,21.6397,22.7361,6.911,39.1798,15.242,12.6723,5.6213,56.0751,22.5453,95.065,33.6225,79.1608,25.6409,0.4559,0.1508,0.2992,0.0941,0.2704,0.0822,0.466,0.1813,0.1308,0.058,0.5786,0.2326,0.4071,0.144,0.339,0.1098,229.9673,84.0689,96.914,233.4893,2.911,0.2066,42780.0,振幅過大,0.2013,0.0,56.84,118.0,111.0,1058.32,14.65,42.87,1.82,54.4829,5.1293,24762.0,3.4938,61.9334,7.1456,23377.0,3.2852,0.9539,0.4763,0.0838,305.62,0.0256,14.0,25220.0,0.8686,0.3807,0.6193,3.5676,0.6345,1.2948,0.02329,0.0235,0.135,0.3313,0.2343,0.2666,0.0094
S06,pD,エラトステネスのふるい,学習用,Q6,1,29382,1481.228,1510.61,1510.611,,2,0,1,0,1,82.1751,27.6081,64.3093,19.1555,9.7061,4.8377,34.6183,12.524,7.3047,4.0327,44.6541,18.2636,87.7986,28.823,70.9782,21.5613,0.4252,0.1429,0.3328,0.0991,0.1573,0.0784,0.5612,0.203,0.0984,0.0543,0.6014,0.246,0.4198,0.1378,0.3393,0.1031,193.2479,61.6861,74.2551,209.1611,2.8634,0.182,7516.0,有効,0.0331,1.0,51.4,25.0,25.0,1167.93,11.24,19.14,0.0,54.0326,5.0448,4276.0,3.4722,61.0995,5.7173,4148.0,3.0307,0.9734,0.4868,,,,0.0,4317.0,0.8175,0.0088,0.9912,0.8299,0.0,0.026,0.004746,0.0,0.0,0.0,0.6774,0.2903,0.0323
S06,pE,2進数への変換,学習用,Q1,1,288289,0.002,288.291,1232.174,正解,2,0,1,1,1,83.4846,24.2808,39.1804,12.1877,29.722,5.6022,24.7823,9.0629,12.0828,5.1569,34.422,15.2884,71.2825,22.2069,46.0547,14.6986,0.5246,0.1526,0.2462,0.0766,0.4297,0.081,0.3583,0.131,0.1805,0.077,0.5141,0.2284,0.4621,0.144,0.2986,0.0953,159.1335,69.1695,66.95,154.2427,3.4338,0.0828,73811.0,有効,0.0027,1.0,54.15,260.0,260.0,1109.68,17.51,53.26,1.93,56.5207,4.0774,43406.0,3.3885,64.1603,5.9836,39807.0,3.2464,0.9503,0.4745,0.0624,304.38,0.019,18.0,43782.0,0.956,0.5072,0.4928,3.6978,1.4777,2.3956,0.022141,0.0205,0.1044,0.1889,0.2384,0.4391,0.0086
S06,pE,2進数への変換,学習用,Q2,1,154778,377.157,531.935,1232.174,不正解,2,0,1,1,1,100.4855,33.1849,40.4033,11.3897,71.5197,19.2893,39.7431,12.5117,18.1106,7.0431,44.9484,16.9199,80.0548,28.5745,48.168,14.6019,0.5418,0.1789,0.2179,0.0614,0.4999,0.1348,0.2778,0.0875,0.2081,0.0809,0.5165,0.1944,0.4671,0.1667,0.281,0.0852,185.4634,143.0637,87.0219,171.3991,3.0669,1.0075,39628.0,有効,0.026,1.0,56.19,144.0,144.0,1072.59,16.0,72.23,0.0,56.9088,4.5363,23089.0,3.3312,63.8351,6.3179,21422.0,3.0118,0.9578,0.4768,0.1938,304.43,0.059,30.0,23236.0,0.7562,0.3609,0.6391,5.5566,0.6913,0.9569,0.013041,0.0009,0.0199,0.2187,0.2683,0.4824,0.0098
S06,pE,2進数への変換,学習用,Q3,1,147715,563.243,710.958,1232.174,正解,2,0,1,1,1,78.6355,25.694,35.118,11.8117,29.3363,13.5187,34.8338,11.1149,12.0521,5.5043,48.4062,19.4966,67.1477,24.2179,43.2094,14.2769,0.5199,0.1699,0.2322,0.0781,0.3303,0.1522,0.3923,0.1252,0.141,0.0644,0.5664,0.2281,0.4511,0.1627,0.2903,0.0959,151.2592,88.8037,85.4591,148.852,2.7152,0.8985,37819.0,有効,0.0081,1.0,57.31,141.0,141.0,1049.31,13.89,51.44,0.0,54.0148,3.763,22327.0,3.0013,61.2991,5.4189,21463.0,3.1268,0.9669,0.4833,0.1625,303.58,0.0493,24.0,22644.0,0.8901,0.4021,0.5979,4.2652,0.8463,1.6468,0.025069,0.0143,0.1306,0.1957,0.2241,0.4239,0.0115
S06,pE,2進数への変換,学習用,Q4,1,71251,769.579,840.83,1232.174,不正解,2,0,1,1,1,119.5986,30.617,31.6274,9.4837,46.1918,13.5227,32.0076,10.9438,14.3959,6.2173,45.8591,18.3358,89.3339,23.8171,38.2119,11.7588,0.6251,0.16,0.1653,0.0496,0.4499,0.1317,0.3118,0.1066,0.1697,0.0733,0.5407,0.2162,0.5477,0.146,0.2343,0.0721,191.3267,102.666,84.8081,163.1217,3.6336,0.777,18243.0,有効,0.0096,1.0,57.28,68.0,68.0,1047.78,10.47,23.21,0.0,52.2664,2.8176,10425.0,2.8417,59.4196,4.2449,10146.0,2.9901,0.9696,0.4855,0.1825,301.63,0.055,13.0,10608.0,0.8952,0.304,0.696,5.4178,1.0948,1.6489,0.029733,0.0225,0.1271,0.1742,0.3124,0.3183,0.0454
S06,pE,2進数への変換,学習用,Q5,1,276990,906.687,1183.677,1232.174,不正解,2,0,1,1,1,70.2681,20.7399,26.8374,7.1748,40.9988,19.9778,31.2242,11.1798,16.0505,5.637,41.8059,17.9292,74.0574,22.1783,32.988,9.738,0.5621,0.1659,0.2147,0.0574,0.3966,0.1932,0.302,0.1081,0.1971,0.0692,0.5134,0.2202,0.5329,0.1596,0.2374,0.0701,125.0202,103.3806,81.4226,138.9617,2.9384,1.2653,70918.0,有効,0.0176,1.0,56.76,262.0,262.0,1058.77,12.64,48.39,0.0,52.8651,4.2507,39970.0,2.756,59.6589,6.3763,38475.0,2.8887,0.9496,0.473,0.4549,304.95,0.1387,126.0,41305.0,0.9474,0.3866,0.6134,3.8563,1.0544,1.4494,0.02002,0.0079,0.1004,0.1152,0.3582,0.4,0.0184
S06,pE,2進数への変換,学習用,Q6,1,13827,1218.346,1232.173,1232.174,,2,0,1,0,1,68.9745,26.1487,44.6513,12.6313,64.0392,22.257,48.9297,13.8828,15.8165,8.5407,42.4183,16.8561,52.8486,24.311,53.3691,13.9422,0.4526,0.1716,0.293,0.0829,0.4295,0.1493,0.3281,0.0931,0.1891,0.1021,0.5072,0.2016,0.3658,0.1683,0.3694,0.0965,152.4058,149.1087,83.6315,144.471,2.482,0.9578,3441.0,有効,0.0892,1.0,54.0,12.0,12.0,1110.35,0.0,0.0,0.0,55.8133,5.0573,2032.0,2.6987,61.9354,5.2168,1895.0,3.0849,0.9725,0.4869,0.217,301.38,0.0654,3.0,2009.0,0.7113,0.0357,0.9643,2.3652,0.2217,0.1346,0.005784,0.0,0.0,0.0,0.5098,0.4706,0.0196
